{
  "cities": [
    {"id": "tokyo-jp", "name": "Tokyo", "country": "Japan", "countryCode": "JP", "latitude": 35.6762, "longitude": 139.6503, "timezone": "Asia/Tokyo", "population": 37400068},
    {"id": "delhi-in", "name": "Delhi", "country": "India", "countryCode": "IN", "latitude": 28.7041, "longitude": 77.1025, "timezone": "Asia/Kolkata", "population": 31181376},
    {"id": "shanghai-cn", "name": "Shanghai", "country": "China", "countryCode": "CN", "latitude": 31.2304, "longitude": 121.4737, "timezone": "Asia/Shanghai", "population": 27795702},
    {"id": "sao-paulo-br", "name": "São Paulo", "country": "Brazil", "countryCode": "BR", "latitude": -23.5505, "longitude": -46.6333, "timezone": "America/Sao_Paulo", "population": 22043028},
    {"id": "mexico-city-mx", "name": "Mexico City", "country": "Mexico", "countryCode": "MX", "latitude": 19.4326, "longitude": -99.1332, "timezone": "America/Mexico_City", "population": 21782378},
    {"id": "dhaka-bd", "name": "Dhaka", "country": "Bangladesh", "countryCode": "BD", "latitude": 23.8103, "longitude": 90.4125, "timezone": "Asia/Dhaka", "population": 21741090},
    {"id": "cairo-eg", "name": "Cairo", "country": "Egypt", "countryCode": "EG", "latitude": 30.0444, "longitude": 31.2357, "timezone": "Africa/Cairo", "population": 21322750},
    {"id": "beijing-cn", "name": "Beijing", "country": "China", "countryCode": "CN", "latitude": 39.9042, "longitude": 116.4074, "timezone": "Asia/Shanghai", "population": 20896820},
    {"id": "mumbai-in", "name": "Mumbai", "country": "India", "countryCode": "IN", "latitude": 19.0760, "longitude": 72.8777, "timezone": "Asia/Kolkata", "population": 20667656},
    {"id": "osaka-jp", "name": "Osaka", "country": "Japan", "countryCode": "JP", "latitude": 34.6937, "longitude": 135.5023, "timezone": "Asia/Tokyo", "population": 19165340},
    {"id": "new-york-us", "name": "New York", "country": "United States", "countryCode": "US", "latitude": 40.7128, "longitude": -74.0060, "timezone": "America/New_York", "population": 18819000},
    {"id": "karachi-pk", "name": "Karachi", "country": "Pakistan", "countryCode": "PK", "latitude": 24.8607, "longitude": 67.0011, "timezone": "Asia/Karachi", "population": 16093786},
    {"id": "chongqing-cn", "name": "Chongqing", "country": "China", "countryCode": "CN", "latitude": 29.4316, "longitude": 106.9123, "timezone": "Asia/Shanghai", "population": 15872179},
    {"id": "istanbul-tr", "name": "Istanbul", "country": "Turkey", "countryCode": "TR", "latitude": 41.0082, "longitude": 28.9784, "timezone": "Europe/Istanbul", "population": 15519267},
    {"id": "buenos-aires-ar", "name": "Buenos Aires", "country": "Argentina", "countryCode": "AR", "latitude": -34.6037, "longitude": -58.3816, "timezone": "America/Argentina/Buenos_Aires", "population": 15257673},
    {"id": "kolkata-in", "name": "Kolkata", "country": "India", "countryCode": "IN", "latitude": 22.5726, "longitude": 88.3639, "timezone": "Asia/Kolkata", "population": 14974073},
    {"id": "kinshasa-cd", "name": "Kinshasa", "country": "DR Congo", "countryCode": "CD", "latitude": -4.4419, "longitude": 15.2663, "timezone": "Africa/Kinshasa", "population": 14970460},
    {"id": "lagos-ng", "name": "Lagos", "country": "Nigeria", "countryCode": "NG", "latitude": 6.5244, "longitude": 3.3792, "timezone": "Africa/Lagos", "population": 14862111},
    {"id": "manila-ph", "name": "Manila", "country": "Philippines", "countryCode": "PH", "latitude": 14.5995, "longitude": 120.9842, "timezone": "Asia/Manila", "population": 14406059},
    {"id": "tianjin-cn", "name": "Tianjin", "country": "China", "countryCode": "CN", "latitude": 39.3434, "longitude": 117.3616, "timezone": "Asia/Shanghai", "population": 13866009},
    {"id": "guangzhou-cn", "name": "Guangzhou", "country": "China", "countryCode": "CN", "latitude": 23.1291, "longitude": 113.2644, "timezone": "Asia/Shanghai", "population": 13501100},
    {"id": "rio-de-janeiro-br", "name": "Rio de Janeiro", "country": "Brazil", "countryCode": "BR", "latitude": -22.9068, "longitude": -43.1729, "timezone": "America/Sao_Paulo", "population": 13458075},
    {"id": "lahore-pk", "name": "Lahore", "country": "Pakistan", "countryCode": "PK", "latitude": 31.5204, "longitude": 74.3587, "timezone": "Asia/Karachi", "population": 13095166},
    {"id": "shenzhen-cn", "name": "Shenzhen", "country": "China", "countryCode": "CN", "latitude": 22.5431, "longitude": 114.0579, "timezone": "Asia/Shanghai", "population": 12905000},
    {"id": "bangalore-in", "name": "Bangalore", "country": "India", "countryCode": "IN", "latitude": 12.9716, "longitude": 77.5946, "timezone": "Asia/Kolkata", "population": 12764935},
    {"id": "paris-fr", "name": "Paris", "country": "France", "countryCode": "FR", "latitude": 48.8566, "longitude": 2.3522, "timezone": "Europe/Paris", "population": 11017230},
    {"id": "jakarta-id", "name": "Jakarta", "country": "Indonesia", "countryCode": "ID", "latitude": -6.2088, "longitude": 106.8456, "timezone": "Asia/Jakarta", "population": 10562088},
    {"id": "chennai-in", "name": "Chennai", "country": "India", "countryCode": "IN", "latitude": 13.0827, "longitude": 80.2707, "timezone": "Asia/Kolkata", "population": 10971108},
    {"id": "lima-pe", "name": "Lima", "country": "Peru", "countryCode": "PE", "latitude": -12.0464, "longitude": -77.0428, "timezone": "America/Lima", "population": 10883312},
    {"id": "bogota-co", "name": "Bogotá", "country": "Colombia", "countryCode": "CO", "latitude": 4.7110, "longitude": -74.0721, "timezone": "America/Bogota", "population": 10978360},
    {"id": "bangkok-th", "name": "Bangkok", "country": "Thailand", "countryCode": "TH", "latitude": 13.7563, "longitude": 100.5018, "timezone": "Asia/Bangkok", "population": 10539415},
    {"id": "hyderabad-in", "name": "Hyderabad", "country": "India", "countryCode": "IN", "latitude": 17.3850, "longitude": 78.4867, "timezone": "Asia/Kolkata", "population": 10268653},
    {"id": "london-gb", "name": "London", "country": "United Kingdom", "countryCode": "GB", "latitude": 51.5074, "longitude": -0.1278, "timezone": "Europe/London", "population": 9304016},
    {"id": "tehran-ir", "name": "Tehran", "country": "Iran", "countryCode": "IR", "latitude": 35.6892, "longitude": 51.3890, "timezone": "Asia/Tehran", "population": 9134000},
    {"id": "ho-chi-minh-vn", "name": "Ho Chi Minh City", "country": "Vietnam", "countryCode": "VN", "latitude": 10.8231, "longitude": 106.6297, "timezone": "Asia/Ho_Chi_Minh", "population": 8993082},
    {"id": "hong-kong-hk", "name": "Hong Kong", "country": "Hong Kong", "countryCode": "HK", "latitude": 22.3193, "longitude": 114.1694, "timezone": "Asia/Hong_Kong", "population": 7500700},
    {"id": "baghdad-iq", "name": "Baghdad", "country": "Iraq", "countryCode": "IQ", "latitude": 33.3152, "longitude": 44.3661, "timezone": "Asia/Baghdad", "population": 7511000},
    {"id": "riyadh-sa", "name": "Riyadh", "country": "Saudi Arabia", "countryCode": "SA", "latitude": 24.7136, "longitude": 46.6753, "timezone": "Asia/Riyadh", "population": 7676654},
    {"id": "singapore-sg", "name": "Singapore", "country": "Singapore", "countryCode": "SG", "latitude": 1.3521, "longitude": 103.8198, "timezone": "Asia/Singapore", "population": 5685807},
    {"id": "santiago-cl", "name": "Santiago", "country": "Chile", "countryCode": "CL", "latitude": -33.4489, "longitude": -70.6693, "timezone": "America/Santiago", "population": 6767395},
    {"id": "sydney-au", "name": "Sydney", "country": "Australia", "countryCode": "AU", "latitude": -33.8688, "longitude": 151.2093, "timezone": "Australia/Sydney", "population": 5312163},
    {"id": "ahmedabad-in", "name": "Ahmedabad", "country": "India", "countryCode": "IN", "latitude": 23.0225, "longitude": 72.5714, "timezone": "Asia/Kolkata", "population": 8059441},
    {"id": "kuala-lumpur-my", "name": "Kuala Lumpur", "country": "Malaysia", "countryCode": "MY", "latitude": 3.1390, "longitude": 101.6869, "timezone": "Asia/Kuala_Lumpur", "population": 7996830},
    {"id": "los-angeles-us", "name": "Los Angeles", "country": "United States", "countryCode": "US", "latitude": 34.0522, "longitude": -118.2437, "timezone": "America/Los_Angeles", "population": 3979576},
    {"id": "chicago-us", "name": "Chicago", "country": "United States", "countryCode": "US", "latitude": 41.8781, "longitude": -87.6298, "timezone": "America/Chicago", "population": 2693976},
    {"id": "houston-us", "name": "Houston", "country": "United States", "countryCode": "US", "latitude": 29.7604, "longitude": -95.3698, "timezone": "America/Chicago", "population": 2320268},
    {"id": "phoenix-us", "name": "Phoenix", "country": "United States", "countryCode": "US", "latitude": 33.4484, "longitude": -112.0740, "timezone": "America/Phoenix", "population": 1680992},
    {"id": "philadelphia-us", "name": "Philadelphia", "country": "United States", "countryCode": "US", "latitude": 39.9526, "longitude": -75.1652, "timezone": "America/New_York", "population": 1584064},
    {"id": "san-antonio-us", "name": "San Antonio", "country": "United States", "countryCode": "US", "latitude": 29.4241, "longitude": -98.4936, "timezone": "America/Chicago", "population": 1547253},
    {"id": "san-diego-us", "name": "San Diego", "country": "United States", "countryCode": "US", "latitude": 32.7157, "longitude": -117.1611, "timezone": "America/Los_Angeles", "population": 1423851},
    {"id": "dallas-us", "name": "Dallas", "country": "United States", "countryCode": "US", "latitude": 32.7767, "longitude": -96.7970, "timezone": "America/Chicago", "population": 1343573},
    {"id": "mecca-sa", "name": "Mecca", "country": "Saudi Arabia", "countryCode": "SA", "latitude": 21.4225, "longitude": 39.8262, "timezone": "Asia/Riyadh", "population": 2042106},
    {"id": "medina-sa", "name": "Medina", "country": "Saudi Arabia", "countryCode": "SA", "latitude": 24.5247, "longitude": 39.5692, "timezone": "Asia/Riyadh", "population": 1488782},
    {"id": "jeddah-sa", "name": "Jeddah", "country": "Saudi Arabia", "countryCode": "SA", "latitude": 21.5433, "longitude": 39.1728, "timezone": "Asia/Riyadh", "population": 4697000},
    {"id": "dubai-ae", "name": "Dubai", "country": "United Arab Emirates", "countryCode": "AE", "latitude": 25.2048, "longitude": 55.2708, "timezone": "Asia/Dubai", "population": 3331420},
    {"id": "abu-dhabi-ae", "name": "Abu Dhabi", "country": "United Arab Emirates", "countryCode": "AE", "latitude": 24.4539, "longitude": 54.3773, "timezone": "Asia/Dubai", "population": 1483000},
    {"id": "sharjah-ae", "name": "Sharjah", "country": "United Arab Emirates", "countryCode": "AE", "latitude": 25.3463, "longitude": 55.4209, "timezone": "Asia/Dubai", "population": 1684649},
    {"id": "doha-qa", "name": "Doha", "country": "Qatar", "countryCode": "QA", "latitude": 25.2854, "longitude": 51.5310, "timezone": "Asia/Qatar", "population": 2382000},
    {"id": "kuwait-city-kw", "name": "Kuwait City", "country": "Kuwait", "countryCode": "KW", "latitude": 29.3759, "longitude": 47.9774, "timezone": "Asia/Kuwait", "population": 2989000},
    {"id": "manama-bh", "name": "Manama", "country": "Bahrain", "countryCode": "BH", "latitude": 26.2285, "longitude": 50.5860, "timezone": "Asia/Bahrain", "population": 411000},
    {"id": "muscat-om", "name": "Muscat", "country": "Oman", "countryCode": "OM", "latitude": 23.5880, "longitude": 58.3829, "timezone": "Asia/Muscat", "population": 1421409},
    {"id": "amman-jo", "name": "Amman", "country": "Jordan", "countryCode": "JO", "latitude": 31.9454, "longitude": 35.9284, "timezone": "Asia/Amman", "population": 4007526},
    {"id": "beirut-lb", "name": "Beirut", "country": "Lebanon", "countryCode": "LB", "latitude": 33.8938, "longitude": 35.5018, "timezone": "Asia/Beirut", "population": 2424000},
    {"id": "damascus-sy", "name": "Damascus", "country": "Syria", "countryCode": "SY", "latitude": 33.5138, "longitude": 36.2765, "timezone": "Asia/Damascus", "population": 2079000},
    {"id": "sanaa-ye", "name": "Sanaa", "country": "Yemen", "countryCode": "YE", "latitude": 15.3694, "longitude": 44.1910, "timezone": "Asia/Aden", "population": 2957000},
    {"id": "casablanca-ma", "name": "Casablanca", "country": "Morocco", "countryCode": "MA", "latitude": 33.5731, "longitude": -7.5898, "timezone": "Africa/Casablanca", "population": 3359818},
    {"id": "rabat-ma", "name": "Rabat", "country": "Morocco", "countryCode": "MA", "latitude": 34.0209, "longitude": -6.8416, "timezone": "Africa/Casablanca", "population": 577827},
    {"id": "algiers-dz", "name": "Algiers", "country": "Algeria", "countryCode": "DZ", "latitude": 36.7538, "longitude": 3.0588, "timezone": "Africa/Algiers", "population": 3415811},
    {"id": "tunis-tn", "name": "Tunis", "country": "Tunisia", "countryCode": "TN", "latitude": 36.8065, "longitude": 10.1815, "timezone": "Africa/Tunis", "population": 2643695},
    {"id": "tripoli-ly", "name": "Tripoli", "country": "Libya", "countryCode": "LY", "latitude": 32.8872, "longitude": 13.1913, "timezone": "Africa/Tripoli", "population": 1126000},
    {"id": "khartoum-sd", "name": "Khartoum", "country": "Sudan", "countryCode": "SD", "latitude": 15.5007, "longitude": 32.5599, "timezone": "Africa/Khartoum", "population": 5274321},
    {"id": "islamabad-pk", "name": "Islamabad", "country": "Pakistan", "countryCode": "PK", "latitude": 33.6844, "longitude": 73.0479, "timezone": "Asia/Karachi", "population": 1095064},
    {"id": "faisalabad-pk", "name": "Faisalabad", "country": "Pakistan", "countryCode": "PK", "latitude": 31.4504, "longitude": 73.1350, "timezone": "Asia/Karachi", "population": 3203846},
    {"id": "rawalpindi-pk", "name": "Rawalpindi", "country": "Pakistan", "countryCode": "PK", "latitude": 33.5651, "longitude": 73.0169, "timezone": "Asia/Karachi", "population": 2098231},
    {"id": "peshawar-pk", "name": "Peshawar", "country": "Pakistan", "countryCode": "PK", "latitude": 34.0151, "longitude": 71.5249, "timezone": "Asia/Karachi", "population": 1970042},
    {"id": "ankara-tr", "name": "Ankara", "country": "Turkey", "countryCode": "TR", "latitude": 39.9334, "longitude": 32.8597, "timezone": "Europe/Istanbul", "population": 5663322},
    {"id": "izmir-tr", "name": "Izmir", "country": "Turkey", "countryCode": "TR", "latitude": 38.4237, "longitude": 27.1428, "timezone": "Europe/Istanbul", "population": 4367251},
    {"id": "bursa-tr", "name": "Bursa", "country": "Turkey", "countryCode": "TR", "latitude": 40.1885, "longitude": 29.0610, "timezone": "Europe/Istanbul", "population": 3101833},
    {"id": "surabaya-id", "name": "Surabaya", "country": "Indonesia", "countryCode": "ID", "latitude": -7.2575, "longitude": 112.7521, "timezone": "Asia/Jakarta", "population": 2874314},
    {"id": "bandung-id", "name": "Bandung", "country": "Indonesia", "countryCode": "ID", "latitude": -6.9175, "longitude": 107.6191, "timezone": "Asia/Jakarta", "population": 2575478},
    {"id": "medan-id", "name": "Medan", "country": "Indonesia", "countryCode": "ID", "latitude": 3.5952, "longitude": 98.6722, "timezone": "Asia/Jakarta", "population": 2435252},
    {"id": "berlin-de", "name": "Berlin", "country": "Germany", "countryCode": "DE", "latitude": 52.5200, "longitude": 13.4050, "timezone": "Europe/Berlin", "population": 3644826},
    {"id": "madrid-es", "name": "Madrid", "country": "Spain", "countryCode": "ES", "latitude": 40.4168, "longitude": -3.7038, "timezone": "Europe/Madrid", "population": 3223334},
    {"id": "rome-it", "name": "Rome", "country": "Italy", "countryCode": "IT", "latitude": 41.9028, "longitude": 12.4964, "timezone": "Europe/Rome", "population": 2872800},
    {"id": "amsterdam-nl", "name": "Amsterdam", "country": "Netherlands", "countryCode": "NL", "latitude": 52.3676, "longitude": 4.9041, "timezone": "Europe/Amsterdam", "population": 872680},
    {"id": "brussels-be", "name": "Brussels", "country": "Belgium", "countryCode": "BE", "latitude": 50.8503, "longitude": 4.3517, "timezone": "Europe/Brussels", "population": 1209000},
    {"id": "vienna-at", "name": "Vienna", "country": "Austria", "countryCode": "AT", "latitude": 48.2082, "longitude": 16.3738, "timezone": "Europe/Vienna", "population": 1911191},
    {"id": "moscow-ru", "name": "Moscow", "country": "Russia", "countryCode": "RU", "latitude": 55.7558, "longitude": 37.6173, "timezone": "Europe/Moscow", "population": 12537954},
    {"id": "toronto-ca", "name": "Toronto", "country": "Canada", "countryCode": "CA", "latitude": 43.6532, "longitude": -79.3832, "timezone": "America/Toronto", "population": 2731571},
    {"id": "vancouver-ca", "name": "Vancouver", "country": "Canada", "countryCode": "CA", "latitude": 49.2827, "longitude": -123.1207, "timezone": "America/Vancouver", "population": 631486},
    {"id": "montreal-ca", "name": "Montreal", "country": "Canada", "countryCode": "CA", "latitude": 45.5017, "longitude": -73.5673, "timezone": "America/Toronto", "population": 1762949},
    {"id": "melbourne-au", "name": "Melbourne", "country": "Australia", "countryCode": "AU", "latitude": -37.8136, "longitude": 144.9631, "timezone": "Australia/Melbourne", "population": 5078193},
    {"id": "brisbane-au", "name": "Brisbane", "country": "Australia", "countryCode": "AU", "latitude": -27.4698, "longitude": 153.0251, "timezone": "Australia/Brisbane", "population": 2514184},
    {"id": "perth-au", "name": "Perth", "country": "Australia", "countryCode": "AU", "latitude": -31.9505, "longitude": 115.8605, "timezone": "Australia/Perth", "population": 2085973},
    {"id": "auckland-nz", "name": "Auckland", "country": "New Zealand", "countryCode": "NZ", "latitude": -36.8509, "longitude": 174.7645, "timezone": "Pacific/Auckland", "population": 1657200},
    {"id": "cape-town-za", "name": "Cape Town", "country": "South Africa", "countryCode": "ZA", "latitude": -33.9249, "longitude": 18.4241, "timezone": "Africa/Johannesburg", "population": 4618000},
    {"id": "johannesburg-za", "name": "Johannesburg", "country": "South Africa", "countryCode": "ZA", "latitude": -26.2041, "longitude": 28.0473, "timezone": "Africa/Johannesburg", "population": 5635127},
    {"id": "nairobi-ke", "name": "Nairobi", "country": "Kenya", "countryCode": "KE", "latitude": -1.2921, "longitude": 36.8219, "timezone": "Africa/Nairobi", "population": 4397073},
    {"id": "addis-ababa-et", "name": "Addis Ababa", "country": "Ethiopia", "countryCode": "ET", "latitude": 9.0320, "longitude": 38.7469, "timezone": "Africa/Addis_Ababa", "population": 3352000},
    {"id": "dar-es-salaam-tz", "name": "Dar es Salaam", "country": "Tanzania", "countryCode": "TZ", "latitude": -6.7924, "longitude": 39.2083, "timezone": "Africa/Dar_es_Salaam", "population": 6702000},
    {"id": "accra-gh", "name": "Accra", "country": "Ghana", "countryCode": "GH", "latitude": 5.6037, "longitude": -0.1870, "timezone": "Africa/Accra", "population": 2291352},
    {"id": "dakar-sn", "name": "Dakar", "country": "Senegal", "countryCode": "SN", "latitude": 14.7167, "longitude": -17.4677, "timezone": "Africa/Dakar", "population": 1146053},
    {"id": "abuja-ng", "name": "Abuja", "country": "Nigeria", "countryCode": "NG", "latitude": 9.0765, "longitude": 7.3986, "timezone": "Africa/Lagos", "population": 3464123},
    {"id": "seattle-us", "name": "Seattle", "country": "United States", "countryCode": "US", "latitude": 47.6062, "longitude": -122.3321, "timezone": "America/Los_Angeles", "population": 737015},
    {"id": "denver-us", "name": "Denver", "country": "United States", "countryCode": "US", "latitude": 39.7392, "longitude": -104.9903, "timezone": "America/Denver", "population": 727211},
    {"id": "boston-us", "name": "Boston", "country": "United States", "countryCode": "US", "latitude": 42.3601, "longitude": -71.0589, "timezone": "America/New_York", "population": 692600},
    {"id": "atlanta-us", "name": "Atlanta", "country": "United States", "countryCode": "US", "latitude": 33.7490, "longitude": -84.3880, "timezone": "America/New_York", "population": 498715},
    {"id": "miami-us", "name": "Miami", "country": "United States", "countryCode": "US", "latitude": 25.7617, "longitude": -80.1918, "timezone": "America/New_York", "population": 467963},
    {"id": "detroit-us", "name": "Detroit", "country": "United States", "countryCode": "US", "latitude": 42.3314, "longitude": -83.0458, "timezone": "America/Detroit", "population": 639111},
    {"id": "minneapolis-us", "name": "Minneapolis", "country": "United States", "countryCode": "US", "latitude": 44.9778, "longitude": -93.2650, "timezone": "America/Chicago", "population": 429954},
    {"id": "san-francisco-us", "name": "San Francisco", "country": "United States", "countryCode": "US", "latitude": 37.7749, "longitude": -122.4194, "timezone": "America/Los_Angeles", "population": 883305},
    {"id": "washington-dc-us", "name": "Washington D.C.", "country": "United States", "countryCode": "US", "latitude": 38.9072, "longitude": -77.0369, "timezone": "America/New_York", "population": 689545},
    {"id": "birmingham-gb", "name": "Birmingham", "country": "United Kingdom", "countryCode": "GB", "latitude": 52.4862, "longitude": -1.8904, "timezone": "Europe/London", "population": 1141816},
    {"id": "manchester-gb", "name": "Manchester", "country": "United Kingdom", "countryCode": "GB", "latitude": 53.4808, "longitude": -2.2426, "timezone": "Europe/London", "population": 553230},
    {"id": "glasgow-gb", "name": "Glasgow", "country": "United Kingdom", "countryCode": "GB", "latitude": 55.8642, "longitude": -4.2518, "timezone": "Europe/London", "population": 633120},
    {"id": "edinburgh-gb", "name": "Edinburgh", "country": "United Kingdom", "countryCode": "GB", "latitude": 55.9533, "longitude": -3.1883, "timezone": "Europe/London", "population": 488050},
    {"id": "lyon-fr", "name": "Lyon", "country": "France", "countryCode": "FR", "latitude": 45.7640, "longitude": 4.8357, "timezone": "Europe/Paris", "population": 516092},
    {"id": "marseille-fr", "name": "Marseille", "country": "France", "countryCode": "FR", "latitude": 43.2965, "longitude": 5.3698, "timezone": "Europe/Paris", "population": 861635},
    {"id": "munich-de", "name": "Munich", "country": "Germany", "countryCode": "DE", "latitude": 48.1351, "longitude": 11.5820, "timezone": "Europe/Berlin", "population": 1471508},
    {"id": "hamburg-de", "name": "Hamburg", "country": "Germany", "countryCode": "DE", "latitude": 53.5511, "longitude": 9.9937, "timezone": "Europe/Berlin", "population": 1841179},
    {"id": "frankfurt-de", "name": "Frankfurt", "country": "Germany", "countryCode": "DE", "latitude": 50.1109, "longitude": 8.6821, "timezone": "Europe/Berlin", "population": 753056},
    {"id": "cologne-de", "name": "Cologne", "country": "Germany", "countryCode": "DE", "latitude": 50.9375, "longitude": 6.9603, "timezone": "Europe/Berlin", "population": 1085664},
    {"id": "barcelona-es", "name": "Barcelona", "country": "Spain", "countryCode": "ES", "latitude": 41.3851, "longitude": 2.1734, "timezone": "Europe/Madrid", "population": 1620343},
    {"id": "milan-it", "name": "Milan", "country": "Italy", "countryCode": "IT", "latitude": 45.4642, "longitude": 9.1900, "timezone": "Europe/Rome", "population": 1352000},
    {"id": "naples-it", "name": "Naples", "country": "Italy", "countryCode": "IT", "latitude": 40.8518, "longitude": 14.2681, "timezone": "Europe/Rome", "population": 959470},
    {"id": "zurich-ch", "name": "Zurich", "country": "Switzerland", "countryCode": "CH", "latitude": 47.3769, "longitude": 8.5417, "timezone": "Europe/Zurich", "population": 402762},
    {"id": "geneva-ch", "name": "Geneva", "country": "Switzerland", "countryCode": "CH", "latitude": 46.2044, "longitude": 6.1432, "timezone": "Europe/Zurich", "population": 201818},
    {"id": "stockholm-se", "name": "Stockholm", "country": "Sweden", "countryCode": "SE", "latitude": 59.3293, "longitude": 18.0686, "timezone": "Europe/Stockholm", "population": 975904},
    {"id": "oslo-no", "name": "Oslo", "country": "Norway", "countryCode": "NO", "latitude": 59.9139, "longitude": 10.7522, "timezone": "Europe/Oslo", "population": 693494},
    {"id": "copenhagen-dk", "name": "Copenhagen", "country": "Denmark", "countryCode": "DK", "latitude": 55.6761, "longitude": 12.5683, "timezone": "Europe/Copenhagen", "population": 794128},
    {"id": "helsinki-fi", "name": "Helsinki", "country": "Finland", "countryCode": "FI", "latitude": 60.1699, "longitude": 24.9384, "timezone": "Europe/Helsinki", "population": 656229},
    {"id": "warsaw-pl", "name": "Warsaw", "country": "Poland", "countryCode": "PL", "latitude": 52.2297, "longitude": 21.0122, "timezone": "Europe/Warsaw", "population": 1790658},
    {"id": "prague-cz", "name": "Prague", "country": "Czech Republic", "countryCode": "CZ", "latitude": 50.0755, "longitude": 14.4378, "timezone": "Europe/Prague", "population": 1309000},
    {"id": "budapest-hu", "name": "Budapest", "country": "Hungary", "countryCode": "HU", "latitude": 47.4979, "longitude": 19.0402, "timezone": "Europe/Budapest", "population": 1752286},
    {"id": "bucharest-ro", "name": "Bucharest", "country": "Romania", "countryCode": "RO", "latitude": 44.4268, "longitude": 26.1025, "timezone": "Europe/Bucharest", "population": 1883425},
    {"id": "athens-gr", "name": "Athens", "country": "Greece", "countryCode": "GR", "latitude": 37.9838, "longitude": 23.7275, "timezone": "Europe/Athens", "population": 664046},
    {"id": "lisbon-pt", "name": "Lisbon", "country": "Portugal", "countryCode": "PT", "latitude": 38.7223, "longitude": -9.1393, "timezone": "Europe/Lisbon", "population": 504718},
    {"id": "dublin-ie", "name": "Dublin", "country": "Ireland", "countryCode": "IE", "latitude": 53.3498, "longitude": -6.2603, "timezone": "Europe/Dublin", "population": 544107},
    {"id": "seoul-kr", "name": "Seoul", "country": "South Korea", "countryCode": "KR", "latitude": 37.5665, "longitude": 126.9780, "timezone": "Asia/Seoul", "population": 9733509},
    {"id": "busan-kr", "name": "Busan", "country": "South Korea", "countryCode": "KR", "latitude": 35.1796, "longitude": 129.0756, "timezone": "Asia/Seoul", "population": 3429000},
    {"id": "taipei-tw", "name": "Taipei", "country": "Taiwan", "countryCode": "TW", "latitude": 25.0330, "longitude": 121.5654, "timezone": "Asia/Taipei", "population": 2646204},
    {"id": "hanoi-vn", "name": "Hanoi", "country": "Vietnam", "countryCode": "VN", "latitude": 21.0278, "longitude": 105.8342, "timezone": "Asia/Ho_Chi_Minh", "population": 8053663},
    {"id": "yangon-mm", "name": "Yangon", "country": "Myanmar", "countryCode": "MM", "latitude": 16.8661, "longitude": 96.1951, "timezone": "Asia/Yangon", "population": 5160512},
    {"id": "phnom-penh-kh", "name": "Phnom Penh", "country": "Cambodia", "countryCode": "KH", "latitude": 11.5564, "longitude": 104.9282, "timezone": "Asia/Phnom_Penh", "population": 2129371},
    {"id": "chittagong-bd", "name": "Chittagong", "country": "Bangladesh", "countryCode": "BD", "latitude": 22.3569, "longitude": 91.7832, "timezone": "Asia/Dhaka", "population": 2592439},
    {"id": "pune-in", "name": "Pune", "country": "India", "countryCode": "IN", "latitude": 18.5204, "longitude": 73.8567, "timezone": "Asia/Kolkata", "population": 6629347},
    {"id": "surat-in", "name": "Surat", "country": "India", "countryCode": "IN", "latitude": 21.1702, "longitude": 72.8311, "timezone": "Asia/Kolkata", "population": 6564337},
    {"id": "jaipur-in", "name": "Jaipur", "country": "India", "countryCode": "IN", "latitude": 26.9124, "longitude": 75.7873, "timezone": "Asia/Kolkata", "population": 3073350},
    {"id": "lucknow-in", "name": "Lucknow", "country": "India", "countryCode": "IN", "latitude": 26.8467, "longitude": 80.9462, "timezone": "Asia/Kolkata", "population": 3382000},
    {"id": "kanpur-in", "name": "Kanpur", "country": "India", "countryCode": "IN", "latitude": 26.4499, "longitude": 80.3319, "timezone": "Asia/Kolkata", "population": 2920067},
    {"id": "nagpur-in", "name": "Nagpur", "country": "India", "countryCode": "IN", "latitude": 21.1458, "longitude": 79.0882, "timezone": "Asia/Kolkata", "population": 2405665},
    {"id": "mashhad-ir", "name": "Mashhad", "country": "Iran", "countryCode": "IR", "latitude": 36.2605, "longitude": 59.6168, "timezone": "Asia/Tehran", "population": 3001184},
    {"id": "isfahan-ir", "name": "Isfahan", "country": "Iran", "countryCode": "IR", "latitude": 32.6546, "longitude": 51.6680, "timezone": "Asia/Tehran", "population": 2074000},
    {"id": "tabriz-ir", "name": "Tabriz", "country": "Iran", "countryCode": "IR", "latitude": 38.0962, "longitude": 46.2738, "timezone": "Asia/Tehran", "population": 1558693},
    {"id": "shiraz-ir", "name": "Shiraz", "country": "Iran", "countryCode": "IR", "latitude": 29.5918, "longitude": 52.5837, "timezone": "Asia/Tehran", "population": 1565572},
    {"id": "kabul-af", "name": "Kabul", "country": "Afghanistan", "countryCode": "AF", "latitude": 34.5553, "longitude": 69.2075, "timezone": "Asia/Kabul", "population": 4601789},
    {"id": "tashkent-uz", "name": "Tashkent", "country": "Uzbekistan", "countryCode": "UZ", "latitude": 41.2995, "longitude": 69.2401, "timezone": "Asia/Tashkent", "population": 2571668},
    {"id": "almaty-kz", "name": "Almaty", "country": "Kazakhstan", "countryCode": "KZ", "latitude": 43.2220, "longitude": 76.8512, "timezone": "Asia/Almaty", "population": 1977011},
    {"id": "baku-az", "name": "Baku", "country": "Azerbaijan", "countryCode": "AZ", "latitude": 40.4093, "longitude": 49.8671, "timezone": "Asia/Baku", "population": 2293000},
    {"id": "dammam-sa", "name": "Dammam", "country": "Saudi Arabia", "countryCode": "SA", "latitude": 26.4207, "longitude": 50.0888, "timezone": "Asia/Riyadh", "population": 1024000},
    {"id": "taif-sa", "name": "Taif", "country": "Saudi Arabia", "countryCode": "SA", "latitude": 21.2703, "longitude": 40.4158, "timezone": "Asia/Riyadh", "population": 688693},
    {"id": "tabuk-sa", "name": "Tabuk", "country": "Saudi Arabia", "countryCode": "SA", "latitude": 28.3838, "longitude": 36.5550, "timezone": "Asia/Riyadh", "population": 534893},
    {"id": "al-ain-ae", "name": "Al Ain", "country": "United Arab Emirates", "countryCode": "AE", "latitude": 24.2075, "longitude": 55.7447, "timezone": "Asia/Dubai", "population": 766936},
    {"id": "ajman-ae", "name": "Ajman", "country": "United Arab Emirates", "countryCode": "AE", "latitude": 25.4052, "longitude": 55.5136, "timezone": "Asia/Dubai", "population": 504846},
    {"id": "ras-al-khaimah-ae", "name": "Ras Al Khaimah", "country": "United Arab Emirates", "countryCode": "AE", "latitude": 25.7895, "longitude": 55.9432, "timezone": "Asia/Dubai", "population": 345000},
    {"id": "fujairah-ae", "name": "Fujairah", "country": "United Arab Emirates", "countryCode": "AE", "latitude": 25.1288, "longitude": 56.3265, "timezone": "Asia/Dubai", "population": 225000}
  ]
}

